title,url
欧洲为什么能突破内卷？,https://www.zhihu.com/question/489830306
德国到底哪里好？,https://www.zhihu.com/question/31505465
人可以极简主义到什么程度？,https://www.zhihu.com/question/313020218
被有钱人喜欢上是一种什么感觉？,https://www.zhihu.com/question/302534563
有哪些事是女生很想让男朋友知道的？,https://www.zhihu.com/question/350586839
中年男人无妻是什么感受？,https://www.zhihu.com/question/465419798
人不自信的最根本原因是什么？,https://www.zhihu.com/question/22996751
你有哪些健康的饮食习惯？,https://www.zhihu.com/question/447754776
躺平真的会毁掉年轻人吗？,https://www.zhihu.com/question/563720815
大家都知道什么惊人的秘密？,https://www.zhihu.com/question/499639405
人可以极简主义到什么程度？,https://www.zhihu.com/question/313020218
你坚持最久的变美小习惯是什么？,https://www.zhihu.com/question/66864681
什么算是人生的顶级享受？,https://www.zhihu.com/question/56328597
有哪些事是女生很想让男朋友知道的？,https://www.zhihu.com/question/350586839
当一把俗人是种怎样的体验？,https://www.zhihu.com/question/28247836
一个人可以节俭到什么程度？,https://www.zhihu.com/question/301201332
大家有靠谱的副业吗，求推荐？,https://www.zhihu.com/question/444733924
有哪些事是女生很想让男朋友知道的？,https://www.zhihu.com/question/350586839
身边堪称女神的女生，生活习惯是怎样的？,https://www.zhihu.com/question/68567283
一个人可以节俭到什么程度？,https://www.zhihu.com/question/301201332
为何大学女生看起来比男生有钱得多？,https://www.zhihu.com/question/276010879
躺平真的会毁掉年轻人吗？,https://www.zhihu.com/question/563720815
留下一个你知道的冷知识吧？,https://www.zhihu.com/question/577734695
在普通朋友的婚礼上穿汉服可以吗？,https://www.zhihu.com/question/364187957
人生应该活成什么样子，该以什么样的方式活着？,https://www.zhihu.com/question/290003248
生活中遇到贵人是什么感觉？,https://www.zhihu.com/question/394095953
有些人可以恶心到什么程度？,https://www.zhihu.com/question/347175946
为何大学女生看起来比男生有钱得多？,https://www.zhihu.com/question/276010879
留下一个你知道的冷知识吧？,https://www.zhihu.com/question/577734695
人可以极简主义到什么程度？,https://www.zhihu.com/question/313020218
大家都知道什么惊人的秘密？,https://www.zhihu.com/question/499639405
如何突破自己不敢冒险的个性？,https://www.zhihu.com/question/27817185
大家都知道什么惊人的秘密？,https://www.zhihu.com/question/499639405
现在痴迷《原神》的人，大概再玩多久才会厌倦？,https://www.zhihu.com/question/474744292
你自己做的或者是见过的最作死的一件事是什么？,https://www.zhihu.com/question/24018998
男生到底喜不喜欢女生化妆？,https://www.zhihu.com/question/312283903
如何看待大量土木工程从业者选择转行？,https://www.zhihu.com/question/37744281
人可以极简主义到什么程度？,https://www.zhihu.com/question/313020218
什么算是人生的顶级享受？,https://www.zhihu.com/question/56328597
中国人口这么多，为什么顶端人才比不了西方？,https://www.zhihu.com/question/301814081
如何看待「月薪 3 万撑不起孩子一个暑假」的现象？如何考虑在孩子教育上烧钱的合理性？,https://www.zhihu.com/question/63074191
人可以极简主义到什么程度？,https://www.zhihu.com/question/313020218
年薪百万的工作辛苦吗？,https://www.zhihu.com/question/575079142
一个人可以节俭到什么程度？,https://www.zhihu.com/question/301201332
哪些细节可以体现女生的气质和品位？,https://www.zhihu.com/question/24780989
在普通朋友的婚礼上穿汉服可以吗？,https://www.zhihu.com/question/364187957
在普通朋友的婚礼上穿汉服可以吗？,https://www.zhihu.com/question/364187957
有个易生病的女朋友是怎样的体验？,https://www.zhihu.com/question/29897742
一个人可以节俭到什么程度？,https://www.zhihu.com/question/301201332
有哪些应该坚持的好习惯？,https://www.zhihu.com/question/268776431
